CPT,FLEX,FLEX,FLEX,FLEX,FLEX
Jayden Reed,Bijan Robinson,Jordan Love,Packers DST,Romeo Doubs,Younghoe Koo
Bijan Robinson,Brayden Narveson,Drake London,Josh Jacobs,Packers DST,Tucker Kraft
Packers DST,Bijan Robinson,Drake London,Jayden Reed,Jordan Love,Younghoe Koo
Bijan Robinson,Brayden Narveson,Darnell Mooney,Jayden Reed,Michael Penix Jr.,Packers DST
Josh Jacobs,Drake London,Jayden Reed,Michael Penix Jr.,Packers DST,Ray-Ray McCloud
Packers DST,Bijan Robinson,Brayden Narveson,Drake London,Jayden Reed,Josh Jacobs
Jayden Reed,Bijan Robinson,Brayden Narveson,Christian Watson,Drake London,Packers DST
Bijan Robinson,Brayden Narveson,Drake London,Jayden Reed,Kyle Pitts,Packers DST
Bijan Robinson,Christian Watson,Drake London,Jayden Reed,Packers DST,Ray-Ray McCloud
Bijan Robinson,Drake London,Josh Jacobs,Kyle Pitts,Packers DST,Ray-Ray McCloud
Jordan Love,Bijan Robinson,Brayden Narveson,Drake London,Packers DST,Tucker Kraft
Packers DST,Brayden Narveson,Jayden Reed,Jordan Love,Josh Jacobs,Michael Penix Jr.
Younghoe Koo,Jayden Reed,Jordan Love,Josh Jacobs,Michael Penix Jr.,Packers DST
Younghoe Koo,Bijan Robinson,Jayden Reed,Josh Jacobs,Michael Penix Jr.,Packers DST
Josh Jacobs,Bijan Robinson,Brayden Narveson,Darnell Mooney,Jayden Reed,Packers DST
Drake London,Bijan Robinson,Brayden Narveson,Christian Watson,Jayden Reed,Packers DST
Bijan Robinson,Brayden Narveson,Darnell Mooney,Drake London,Jayden Reed,Packers DST
Bijan Robinson,Brayden Narveson,Jayden Reed,Jordan Love,Packers DST,Tucker Kraft
Jordan Love,Bijan Robinson,Brayden Narveson,Jayden Reed,Packers DST,Tucker Kraft
Josh Jacobs,Bijan Robinson,Darnell Mooney,Jayden Reed,Packers DST,Younghoe Koo
Younghoe Koo,Bijan Robinson,Drake London,Jayden Reed,Jordan Love,Packers DST
Jayden Reed,Bijan Robinson,Brayden Narveson,Darnell Mooney,Jordan Love,Packers DST
Packers DST,Bijan Robinson,Christian Watson,Jordan Love,Josh Jacobs,Younghoe Koo
Bijan Robinson,Drake London,Jordan Love,Packers DST,Tucker Kraft,Younghoe Koo
Bijan Robinson,Jayden Reed,Kyle Pitts,Michael Penix Jr.,Packers DST,Younghoe Koo
Drake London,Bijan Robinson,Falcons DST,Jayden Reed,Michael Penix Jr.,Ray-Ray McCloud
Bijan Robinson,Drake London,Jayden Reed,Packers DST,Romeo Doubs,Younghoe Koo
Jayden Reed,Bijan Robinson,Christian Watson,Drake London,Packers DST,Younghoe Koo
Josh Jacobs,Bijan Robinson,Darnell Mooney,Drake London,Packers DST,Younghoe Koo
Packers DST,Bijan Robinson,Drake London,Jordan Love,Michael Penix Jr.,Ray-Ray McCloud
Bijan Robinson,Brayden Narveson,Jordan Love,Josh Jacobs,Packers DST,Ray-Ray McCloud
Jayden Reed,Bijan Robinson,Brayden Narveson,Josh Jacobs,Kyle Pitts,Packers DST
Bijan Robinson,Brayden Narveson,Dontayvion Wicks,Josh Jacobs,Michael Penix Jr.,Packers DST
Bijan Robinson,Darnell Mooney,Drake London,Michael Penix Jr.,Packers DST,Younghoe Koo
Packers DST,Bijan Robinson,Brayden Narveson,Drake London,Jayden Reed,Michael Penix Jr.
Falcons DST,Bijan Robinson,Brayden Narveson,Drake London,Jayden Reed,Jordan Love
Jayden Reed,Dontayvion Wicks,Drake London,Josh Jacobs,Michael Penix Jr.,Packers DST
Michael Penix Jr.,Bijan Robinson,Darnell Mooney,Drake London,Packers DST,Younghoe Koo
Jayden Reed,Bijan Robinson,Brayden Narveson,Falcons DST,Jordan Love,Romeo Doubs
Jayden Reed,Bijan Robinson,Brayden Narveson,Josh Jacobs,Packers DST,Romeo Doubs
Bijan Robinson,Darnell Mooney,Dontayvion Wicks,Falcons DST,Jayden Reed,Jordan Love
Bijan Robinson,Dontayvion Wicks,Jayden Reed,Michael Penix Jr.,Packers DST,Romeo Doubs
Packers DST,Bijan Robinson,Brayden Narveson,Christian Watson,Jordan Love,Michael Penix Jr.
Josh Jacobs,Bijan Robinson,Jayden Reed,Kyle Pitts,Packers DST,Younghoe Koo
Brayden Narveson,Bijan Robinson,Drake London,Jayden Reed,Michael Penix Jr.,Packers DST
Michael Penix Jr.,Bijan Robinson,Brayden Narveson,Drake London,Kyle Pitts,Packers DST
Drake London,Bijan Robinson,Brayden Narveson,Darnell Mooney,Josh Jacobs,Packers DST
Packers DST,Bijan Robinson,Dontayvion Wicks,Jayden Reed,Jordan Love,Michael Penix Jr.
Packers DST,Brayden Narveson,Drake London,Jordan Love,Josh Jacobs,Michael Penix Jr.
Packers DST,Bijan Robinson,Jayden Reed,Josh Jacobs,Michael Penix Jr.,Younghoe Koo
Packers DST,Drake London,Jordan Love,Josh Jacobs,Michael Penix Jr.,Younghoe Koo
Drake London,Bijan Robinson,Christian Watson,Jayden Reed,Packers DST,Younghoe Koo
Younghoe Koo,Bijan Robinson,Drake London,Jayden Reed,Josh Jacobs,Packers DST
Drake London,Bijan Robinson,Darnell Mooney,Jordan Love,Packers DST,Younghoe Koo
Jayden Reed,Bijan Robinson,Jordan Love,Kyle Pitts,Packers DST,Younghoe Koo
Packers DST,Bijan Robinson,Jordan Love,Josh Jacobs,Kyle Pitts,Younghoe Koo
Bijan Robinson,Brayden Narveson,Dontayvion Wicks,Jordan Love,Michael Penix Jr.,Packers DST
Bijan Robinson,Darnell Mooney,Jayden Reed,Jordan Love,Packers DST,Ray-Ray McCloud
Falcons DST,Bijan Robinson,Brayden Narveson,Jayden Reed,Jordan Love,Michael Penix Jr.
Packers DST,Bijan Robinson,Dontayvion Wicks,Drake London,Jayden Reed,Jordan Love
Bijan Robinson,Josh Jacobs,Michael Penix Jr.,Packers DST,Tucker Kraft,Younghoe Koo
Bijan Robinson,Drake London,Josh Jacobs,Packers DST,Tucker Kraft,Younghoe Koo
Jayden Reed,Bijan Robinson,Brayden Narveson,Darnell Mooney,Josh Jacobs,Packers DST
Drake London,Bijan Robinson,Brayden Narveson,Jayden Reed,Packers DST,Romeo Doubs
Jordan Love,Bijan Robinson,Brayden Narveson,Dontayvion Wicks,Michael Penix Jr.,Packers DST
Bijan Robinson,Drake London,Jayden Reed,Kyle Pitts,Packers DST,Younghoe Koo
Bijan Robinson,Darnell Mooney,Josh Jacobs,Michael Penix Jr.,Packers DST,Ray-Ray McCloud
Bijan Robinson,Brayden Narveson,Falcons DST,Jayden Reed,Kyle Pitts,Michael Penix Jr.
Packers DST,Jayden Reed,Jordan Love,Josh Jacobs,Michael Penix Jr.,Younghoe Koo
Jayden Reed,Drake London,Falcons DST,Josh Jacobs,Michael Penix Jr.,Younghoe Koo
Brayden Narveson,Bijan Robinson,Jordan Love,Michael Penix Jr.,Packers DST,Romeo Doubs
Drake London,Bijan Robinson,Josh Jacobs,Kyle Pitts,Packers DST,Younghoe Koo
Bijan Robinson,Jayden Reed,Jordan Love,Kyle Pitts,Packers DST,Ray-Ray McCloud
Josh Jacobs,Bijan Robinson,Brayden Narveson,Drake London,Packers DST,Tucker Kraft
Packers DST,Bijan Robinson,Drake London,Jayden Reed,Josh Jacobs,Younghoe Koo
Bijan Robinson,Brayden Narveson,Jayden Reed,Josh Jacobs,Packers DST,Tucker Kraft
Packers DST,Bijan Robinson,Jayden Reed,Jordan Love,Josh Jacobs,Ray-Ray McCloud
Drake London,Jayden Reed,Jordan Love,Michael Penix Jr.,Packers DST,Ray-Ray McCloud
Packers DST,Bijan Robinson,Brayden Narveson,Jordan Love,Josh Jacobs,Kyle Pitts
Packers DST,Bijan Robinson,Brayden Narveson,Jordan Love,Josh Jacobs,Romeo Doubs
Brayden Narveson,Jayden Reed,Jordan Love,Josh Jacobs,Michael Penix Jr.,Packers DST
Bijan Robinson,Brayden Narveson,Dontayvion Wicks,Jayden Reed,Jordan Love,Packers DST
Jayden Reed,Bijan Robinson,Drake London,Falcons DST,Michael Penix Jr.,Ray-Ray McCloud
Brayden Narveson,Bijan Robinson,Jordan Love,Josh Jacobs,Kyle Pitts,Packers DST
Jayden Reed,Bijan Robinson,Brayden Narveson,Drake London,Packers DST,Romeo Doubs
Drake London,Bijan Robinson,Brayden Narveson,Jayden Reed,Kyle Pitts,Packers DST
Brayden Narveson,Drake London,Jayden Reed,Jordan Love,Josh Jacobs,Packers DST
Bijan Robinson,Dontayvion Wicks,Jordan Love,Josh Jacobs,Packers DST,Younghoe Koo
Packers DST,Darnell Mooney,Drake London,Jayden Reed,Jordan Love,Michael Penix Jr.
Jayden Reed,Bijan Robinson,Brayden Narveson,Drake London,Kyle Pitts,Packers DST
Michael Penix Jr.,Bijan Robinson,Brayden Narveson,Darnell Mooney,Drake London,Packers DST
Bijan Robinson,Jayden Reed,Josh Jacobs,Kyle Pitts,Packers DST,Ray-Ray McCloud
Drake London,Bijan Robinson,Jayden Reed,Kyle Pitts,Packers DST,Tucker Kraft
Drake London,Bijan Robinson,Brayden Narveson,Kyle Pitts,Michael Penix Jr.,Packers DST
Jordan Love,Bijan Robinson,Jayden Reed,Kyle Pitts,Packers DST,Ray-Ray McCloud
Bijan Robinson,Brayden Narveson,Drake London,Michael Penix Jr.,Packers DST,Tucker Kraft
Bijan Robinson,Darnell Mooney,Falcons DST,Jayden Reed,Josh Jacobs,Younghoe Koo
Michael Penix Jr.,Drake London,Jayden Reed,Josh Jacobs,Packers DST,Ray-Ray McCloud
Bijan Robinson,Brayden Narveson,Dontayvion Wicks,Drake London,Jordan Love,Packers DST
Bijan Robinson,Brayden Narveson,Drake London,Falcons DST,Jordan Love,Tucker Kraft
Bijan Robinson,Darnell Mooney,Dontayvion Wicks,Jayden Reed,Josh Jacobs,Packers DST
Bijan Robinson,Brayden Narveson,Drake London,Falcons DST,Jayden Reed,Romeo Doubs
Packers DST,Bijan Robinson,Drake London,Jayden Reed,Michael Penix Jr.,Younghoe Koo
Josh Jacobs,Bijan Robinson,Brayden Narveson,Dontayvion Wicks,Jordan Love,Packers DST
Bijan Robinson,Darnell Mooney,Drake London,Jayden Reed,Packers DST,Younghoe Koo
Jayden Reed,Bijan Robinson,Brayden Narveson,Christian Watson,Michael Penix Jr.,Packers DST
Drake London,Bijan Robinson,Brayden Narveson,Jordan Love,Packers DST,Tucker Kraft
Jordan Love,Bijan Robinson,Darnell Mooney,Dontayvion Wicks,Jayden Reed,Packers DST
Bijan Robinson,Christian Watson,Drake London,Falcons DST,Jayden Reed,Younghoe Koo
Brayden Narveson,Bijan Robinson,Drake London,Falcons DST,Jayden Reed,Josh Jacobs
Younghoe Koo,Bijan Robinson,Falcons DST,Jayden Reed,Jordan Love,Michael Penix Jr.
Bijan Robinson,Brayden Narveson,Dontayvion Wicks,Falcons DST,Jordan Love,Josh Jacobs
Jordan Love,Drake London,Falcons DST,Jayden Reed,Michael Penix Jr.,Ray-Ray McCloud
Packers DST,Bijan Robinson,Drake London,Jayden Reed,Michael Penix Jr.,Tucker Kraft
Jayden Reed,Bijan Robinson,Christian Watson,Falcons DST,Josh Jacobs,Younghoe Koo
Michael Penix Jr.,Bijan Robinson,Brayden Narveson,Jayden Reed,Kyle Pitts,Packers DST
Packers DST,Bijan Robinson,Dontayvion Wicks,Drake London,Josh Jacobs,Michael Penix Jr.
Bijan Robinson,Brayden Narveson,Drake London,Jordan Love,Packers DST,Tyler Allgeier
Bijan Robinson,Brayden Narveson,Christian Watson,Darnell Mooney,Jordan Love,Packers DST
Jayden Reed,Brayden Narveson,Jordan Love,Josh Jacobs,Kyle Pitts,Packers DST
Packers DST,Bijan Robinson,Dontayvion Wicks,Jayden Reed,Josh Jacobs,Michael Penix Jr.
Josh Jacobs,Bijan Robinson,Brayden Narveson,Falcons DST,Jayden Reed,Kyle Pitts
Packers DST,Brayden Narveson,Drake London,Jayden Reed,Jordan Love,Josh Jacobs
Bijan Robinson,Brayden Narveson,Darnell Mooney,Drake London,Falcons DST,Michael Penix Jr.
Bijan Robinson,Dontayvion Wicks,Falcons DST,Jayden Reed,Josh Jacobs,Kyle Pitts
Jayden Reed,Bijan Robinson,Brayden Narveson,Michael Penix Jr.,Packers DST,Romeo Doubs
Jordan Love,Bijan Robinson,Brayden Narveson,Dontayvion Wicks,Josh Jacobs,Packers DST
Packers DST,Bijan Robinson,Brayden Narveson,Christian Watson,Jordan Love,Josh Jacobs
Bijan Robinson,Brayden Narveson,Christian Watson,Josh Jacobs,Packers DST,Romeo Doubs
Falcons DST,Bijan Robinson,Brayden Narveson,Jayden Reed,Josh Jacobs,Michael Penix Jr.
Jayden Reed,Bijan Robinson,Darnell Mooney,Drake London,Falcons DST,Romeo Doubs
Drake London,Bijan Robinson,Brayden Narveson,Darnell Mooney,Michael Penix Jr.,Packers DST
Drake London,Bijan Robinson,Darnell Mooney,Dontayvion Wicks,Jordan Love,Packers DST
Drake London,Bijan Robinson,Jayden Reed,Packers DST,Romeo Doubs,Younghoe Koo
Bijan Robinson,Brayden Narveson,Jordan Love,Michael Penix Jr.,Packers DST,Ray-Ray McCloud
Bijan Robinson,Jayden Reed,Jordan Love,Packers DST,Tucker Kraft,Younghoe Koo
Drake London,Falcons DST,Jayden Reed,Josh Jacobs,Michael Penix Jr.,Younghoe Koo
Jayden Reed,Bijan Robinson,Josh Jacobs,Packers DST,Romeo Doubs,Younghoe Koo
Jordan Love,Bijan Robinson,Brayden Narveson,Dontayvion Wicks,Drake London,Packers DST
Younghoe Koo,Bijan Robinson,Drake London,Falcons DST,Jayden Reed,Josh Jacobs
Bijan Robinson,Jayden Reed,Josh Jacobs,Packers DST,Ray-Ray McCloud,Romeo Doubs
Jordan Love,Brayden Narveson,Jayden Reed,Kyle Pitts,Michael Penix Jr.,Packers DST
Jordan Love,Bijan Robinson,Darnell Mooney,Falcons DST,Jayden Reed,Younghoe Koo
Falcons DST,Bijan Robinson,Dontayvion Wicks,Drake London,Jordan Love,Michael Penix Jr.
Bijan Robinson,Drake London,Falcons DST,Kyle Pitts,Michael Penix Jr.,Younghoe Koo
Packers DST,Bijan Robinson,Jayden Reed,Jordan Love,Kyle Pitts,Romeo Doubs
Bijan Robinson,Christian Watson,Jayden Reed,Michael Penix Jr.,Packers DST,Ray-Ray McCloud
Jayden Reed,Bijan Robinson,Josh Jacobs,Kyle Pitts,Packers DST,Younghoe Koo
Drake London,Bijan Robinson,Brayden Narveson,Michael Penix Jr.,Packers DST,Romeo Doubs
Bijan Robinson,Darnell Mooney,Drake London,Jayden Reed,Packers DST,Tucker Kraft
